[{"period":"0","one":"","two":"\u82f1\u6587","three":"","four":"\u6578\u5b78","five":""},{"period":"1","one":"\u6578\u5b78","two":"\u570b\u6587","three":"","four":"","five":""},{"period":"2","one":"","two":"","three":"","four":"","five":""},{"period":"3","one":"","two":"","three":"","four":"","five":""},{"period":"4","one":"","two":"","three":"","four":"","five":""},{"period":"5","one":"","two":"","three":"","four":"","five":""},{"period":"6","one":"","two":"","three":"","four":"","five":"\u793e\u6703"}]