[{"period":"0","one":"\u570b\u6587","two":"","three":"\u6e2c\u8a66","four":"","five":""},{"period":"1","one":"","two":"","three":"","four":"","five":""},{"period":"2","one":"","two":"","three":"","four":"","five":""},{"period":"3","one":"","two":"\u6e2c\u8a66","three":"","four":"","five":""},{"period":"4","one":"\u81ea\u7136","two":"","three":"","four":"","five":""},{"period":"5","one":"","two":"","three":"","four":"\u6e2c\u8a66","five":""},{"period":"6","one":"","two":"","three":"","four":"","five":""}]