[{"name":"admin","password":"toor","competence":"1137"},{"name":"su","password":"root","competence":"9999"},{"name":"stu1","password":"A123456879","competence":"50"},{"name":"stu2","password":"A180691837","competence":"50"},{"name":"teacher","password":"F114002894","competence":"100"},{"name":"TESTER","password":"PASS1234","competence":"150"},{"name":"fuckboy","password":"fuckyou","competence":"0"},{"name":"hacker","password":"zt1f9","competence":"1000"},{"name":"asda","password":"asdsfa","competence":"50"}]