[{"period":"0","one":"\u570b\u6587","two":"\u82f1\u6587","three":"\u570b\u6587","four":"\u6578\u5b78","five":"\u81ea\u7136"},{"period":"1","one":"\u6578\u5b78","two":"","three":"","four":"","five":""},{"period":"2","one":"","two":"","three":"","four":"","five":""},{"period":"3","one":"","two":"","three":"","four":"","five":""},{"period":"4","one":"","two":"","three":"","four":"","five":""},{"period":"5","one":"","two":"","three":"","four":"","five":""},{"period":"6","one":"","two":"","three":"","four":"","five":""}]